{"product":[{"name":"Test","path":"Test.md","hidden":false},{"name":"Rename","path":"Rename.md","hidden":false},{"name":"Test","path":"Test.md","hidden":true},{"name":"UOCD","path":"UOCD.md","hidden":true},{"name":"Create","path":"Create.md","hidden":true},{"name":"test","path":"test.md","hidden":true}],"development":[{"name":"1-Lab","path":"1-Lab.md","hidden":false},{"name":"2-Lab","path":"2-Lab.md","hidden":false}],"marketing":[{"name":"And","path":"And.md","hidden":false},{"name":"2-Lab","path":"2-Lab.md","hidden":true}],"sales":[{"name":"1-Lab","path":"1-Lab.md","hidden":false},{"name":"2-Lab","path":"2-Lab.md","hidden":true},{"name":"3-Lab","path":"3-Lab.md","hidden":true}]}